{"v":"4.8.0","meta":{"g":"LottieFiles AE ","a":"","k":"","d":"","tc":""},"fr":24,"ip":0,"op":96,"w":1514,"h":1514,"nm":"Comp 15","ddd":1,"assets":[{"id":"comp_0","layers":[{"ddd":0,"ind":1,"ty":4,"nm":"Shape Layer 6","sr":1,"ks":{"o":{"a":0,"k":100,"ix":11},"r":{"a":0,"k":0,"ix":10},"p":{"a":0,"k":[433.573,468.664,0],"ix":2},"a":{"a":0,"k":[-113.633,-141.336,0],"ix":1},"s":{"a":0,"k":[100,100,100],"ix":6}},"ao":0,"shapes":[{"ty":"gr","it":[{"ind":0,"ty":"sh","ix":1,"ks":{"a":1,"k":[{"i":{"x":1,"y":1},"o":{"x":0.333,"y":0},"t":20,"s":[{"i":[[0,-16.569],[0,0],[16.569,0],[0,0],[0,16.569],[0,0],[-16.569,0],[0,0]],"o":[[0,0],[0,16.569],[0,0],[-16.569,0],[0,0],[0,-16.569],[0,0],[16.569,0]],"v":[[-274.06,-163.328],[-272.56,-9.25],[-302.56,20.75],[-305.294,20.078],[-335.294,-9.922],[-336.794,-164],[-306.794,-194],[-304.06,-193.328]],"c":true}]},{"i":{"x":0.667,"y":1},"o":{"x":0,"y":0},"t":30,"s":[{"i":[[0,-16.569],[0,0],[16.569,0],[0,0],[0,16.569],[0,0],[-16.569,0],[0,0]],"o":[[0,0],[0,16.569],[0,0],[-16.569,0],[0,0],[0,-16.569],[0,0],[16.569,0]],"v":[[193.087,-162.664],[194.514,-5.336],[164.514,24.664],[-166.221,24.664],[-196.221,-5.336],[-197.647,-162.664],[-167.647,-192.664],[163.087,-192.664]],"c":true}]},{"t":41,"s":[{"i":[[0,-16.569],[0,0],[16.569,0],[0,0],[0,16.569],[0,0],[-16.569,0],[0,0]],"o":[[0,0],[0,16.569],[0,0],[-16.569,0],[0,0],[0,-16.569],[0,0],[16.569,0]],"v":[[393.94,-166.656],[394.94,-6.328],[364.94,23.672],[362.206,23],[332.206,-7],[331.206,-167.328],[361.206,-197.328],[363.94,-196.656]],"c":true}]}],"ix":2},"nm":"Path 1","mn":"ADBE Vector Shape - Group","hd":false},{"ty":"fl","c":{"a":0,"k":[0,0,0,1],"ix":4},"o":{"a":0,"k":100,"ix":5},"r":1,"bm":0,"nm":"Fill 1","mn":"ADBE Vector Graphic - Fill","hd":false},{"ty":"tr","p":{"a":0,"k":[-113.633,-71.336],"ix":2},"a":{"a":0,"k":[0,0],"ix":1},"s":{"a":0,"k":[100,100],"ix":3},"r":{"a":0,"k":0,"ix":6},"o":{"a":1,"k":[{"i":{"x":[0.833],"y":[0.833]},"o":{"x":[0.167],"y":[0.167]},"t":20,"s":[0]},{"i":{"x":[0.833],"y":[0.833]},"o":{"x":[0.167],"y":[0.167]},"t":24,"s":[10]},{"i":{"x":[0.833],"y":[0.833]},"o":{"x":[0.167],"y":[0.167]},"t":39,"s":[10]},{"t":42,"s":[0]}],"ix":7},"sk":{"a":0,"k":0,"ix":4},"sa":{"a":0,"k":0,"ix":5},"nm":"Transform"}],"nm":"Rectangle 3","np":3,"cix":2,"bm":0,"ix":1,"mn":"ADBE Vector Group","hd":false},{"ty":"gr","it":[{"ind":0,"ty":"sh","ix":1,"ks":{"a":1,"k":[{"i":{"x":1,"y":1},"o":{"x":0.333,"y":0},"t":16,"s":[{"i":[[0,-16.569],[0,0],[16.569,0],[0,0],[0,16.569],[0,0],[-16.569,0],[0,0]],"o":[[0,0],[0,16.569],[0,0],[-16.569,0],[0,0],[0,-16.569],[0,0],[16.569,0]],"v":[[-270.06,12.672],[-268.633,114],[-298.633,144],[-301.367,143.328],[-331.367,113.328],[-332.794,12],[-302.794,-18],[-300.06,-17.328]],"c":true}]},{"i":{"x":0.667,"y":1},"o":{"x":0,"y":0},"t":26,"s":[{"i":[[0,-16.569],[0,0],[16.569,0],[0,0],[0,16.569],[0,0],[-16.569,0],[0,0]],"o":[[0,0],[0,16.569],[0,0],[-16.569,0],[0,0],[0,-16.569],[0,0],[16.569,0]],"v":[[193.94,-2.664],[195.367,114.664],[165.367,144.664],[-165.367,144.664],[-195.367,114.664],[-196.794,-2.664],[-166.794,-32.664],[163.94,-32.664]],"c":true}]},{"t":37,"s":[{"i":[[0,-16.569],[0,0],[16.569,0],[0,0],[0,16.569],[0,0],[-16.569,0],[0,0]],"o":[[0,0],[0,16.569],[0,0],[-16.569,0],[0,0],[0,-16.569],[0,0],[16.569,0]],"v":[[389.94,11.344],[391.367,112.672],[361.367,142.672],[358.633,142],[328.633,112],[327.206,10.672],[357.206,-19.328],[359.94,-18.656]],"c":true}]}],"ix":2},"nm":"Path 1","mn":"ADBE Vector Shape - Group","hd":false},{"ty":"fl","c":{"a":0,"k":[0,0,0,1],"ix":4},"o":{"a":0,"k":100,"ix":5},"r":1,"bm":0,"nm":"Fill 1","mn":"ADBE Vector Graphic - Fill","hd":false},{"ty":"tr","p":{"a":0,"k":[-113.633,-71.336],"ix":2},"a":{"a":0,"k":[0,0],"ix":1},"s":{"a":0,"k":[100,100],"ix":3},"r":{"a":0,"k":0,"ix":6},"o":{"a":1,"k":[{"i":{"x":[0.833],"y":[0.833]},"o":{"x":[0.167],"y":[0.167]},"t":16,"s":[0]},{"i":{"x":[0.833],"y":[0.833]},"o":{"x":[0.167],"y":[0.167]},"t":20,"s":[10]},{"i":{"x":[0.833],"y":[0.833]},"o":{"x":[0.167],"y":[0.167]},"t":35,"s":[10]},{"t":38,"s":[0]}],"ix":7},"sk":{"a":0,"k":0,"ix":4},"sa":{"a":0,"k":0,"ix":5},"nm":"Transform"}],"nm":"Rectangle 2","np":3,"cix":2,"bm":0,"ix":2,"mn":"ADBE Vector Group","hd":false},{"ty":"gr","it":[{"ind":0,"ty":"sh","ix":1,"ks":{"a":1,"k":[{"i":{"x":1,"y":1},"o":{"x":0.333,"y":0},"t":9,"s":[{"i":[[0,-16.569],[0,0],[16.569,0],[0,0],[0,16.569],[0,0],[-16.569,0],[0,0]],"o":[[0,0],[0,16.569],[0,0],[-16.569,0],[0,0],[0,-16.569],[0,0],[16.569,0]],"v":[[-268.633,-115.313],[-268.633,114.016],[-298.633,144.016],[-301.367,143.344],[-331.367,113.344],[-331.367,-115.984],[-301.367,-145.984],[-298.633,-145.313]],"c":true}]},{"i":{"x":0.667,"y":1},"o":{"x":0,"y":0},"t":19,"s":[{"i":[[0,-16.569],[0,0],[16.569,0],[0,0],[0,16.569],[0,0],[-16.569,0],[0,0]],"o":[[0,0],[0,16.569],[0,0],[-16.569,0],[0,0],[0,-16.569],[0,0],[16.569,0]],"v":[[195.087,-114.664],[195.367,114.664],[165.367,144.664],[-165.367,144.664],[-195.367,114.664],[-195.647,-114.664],[-165.647,-144.664],[165.087,-144.664]],"c":true}]},{"t":30,"s":[{"i":[[0,-16.569],[0,0],[16.569,0],[0,0],[0,16.569],[0,0],[-16.569,0],[0,0]],"o":[[0,0],[0,16.569],[0,0],[-16.569,0],[0,0],[0,-16.569],[0,0],[16.569,0]],"v":[[391.367,-114.656],[391.367,114.672],[361.367,144.672],[358.633,144],[328.633,114],[328.633,-115.328],[358.633,-145.328],[361.367,-144.656]],"c":true}]}],"ix":2},"nm":"Path 1","mn":"ADBE Vector Shape - Group","hd":false},{"ty":"fl","c":{"a":0,"k":[0,0,0,1],"ix":4},"o":{"a":0,"k":100,"ix":5},"r":1,"bm":0,"nm":"Fill 1","mn":"ADBE Vector Graphic - Fill","hd":false},{"ty":"tr","p":{"a":0,"k":[-113.633,-141.336],"ix":2},"a":{"a":0,"k":[0,0],"ix":1},"s":{"a":0,"k":[100,100],"ix":3},"r":{"a":0,"k":0,"ix":6},"o":{"a":1,"k":[{"i":{"x":[0.833],"y":[0.833]},"o":{"x":[0.167],"y":[0.167]},"t":9,"s":[0]},{"i":{"x":[0.833],"y":[0.833]},"o":{"x":[0.167],"y":[0.167]},"t":13,"s":[10]},{"i":{"x":[0.833],"y":[0.833]},"o":{"x":[0.167],"y":[0.167]},"t":28,"s":[10]},{"t":31,"s":[0]}],"ix":7},"sk":{"a":0,"k":0,"ix":4},"sa":{"a":0,"k":0,"ix":5},"nm":"Transform"}],"nm":"Rectangle 1","np":3,"cix":2,"bm":0,"ix":3,"mn":"ADBE Vector Group","hd":false}],"ip":0,"op":75,"st":-30,"bm":0},{"ddd":0,"ind":2,"ty":4,"nm":"Shape Layer 5","sr":1,"ks":{"o":{"a":0,"k":100,"ix":11},"r":{"a":0,"k":0,"ix":10},"p":{"a":1,"k":[{"i":{"x":0.667,"y":1},"o":{"x":0.333,"y":0},"t":1,"s":[711.215,563.281,0],"to":[0,-4.667,0],"ti":[0,-2,0]},{"i":{"x":0.667,"y":1},"o":{"x":0.333,"y":0},"t":7,"s":[711.215,535.281,0],"to":[0,2,0],"ti":[0,-2.667,0]},{"i":{"x":0.667,"y":1},"o":{"x":0.333,"y":0},"t":13,"s":[711.215,575.281,0],"to":[0,2.667,0],"ti":[0,-0.667,0]},{"i":{"x":0.667,"y":1},"o":{"x":0.333,"y":0},"t":20,"s":[711.215,551.281,0],"to":[0,0.667,0],"ti":[0,-2,0]},{"i":{"x":0.667,"y":1},"o":{"x":0.333,"y":0},"t":26,"s":[711.215,579.281,0],"to":[0,2,0],"ti":[0,7.333,0]},{"i":{"x":0.667,"y":1},"o":{"x":0.333,"y":0},"t":32,"s":[711.215,563.281,0],"to":[0,-7.333,0],"ti":[0,-2,0]},{"i":{"x":0.667,"y":1},"o":{"x":0.333,"y":0},"t":38,"s":[711.215,535.281,0],"to":[0,2,0],"ti":[0,-2.667,0]},{"i":{"x":0.667,"y":1},"o":{"x":0.333,"y":0},"t":44,"s":[711.215,575.281,0],"to":[0,2.667,0],"ti":[0,-0.667,0]},{"i":{"x":0.667,"y":1},"o":{"x":0.333,"y":0},"t":51,"s":[711.215,551.281,0],"to":[0,0.667,0],"ti":[0,-4.667,0]},{"t":57,"s":[711.215,579.281,0]}],"ix":2},"a":{"a":0,"k":[211.215,-43.785,0],"ix":1},"s":{"a":1,"k":[{"i":{"x":[0.667,0.667,0.667],"y":[1,1,1]},"o":{"x":[0.333,0.333,0.333],"y":[0,0,0]},"t":7,"s":[0,0,100]},{"i":{"x":[0.667,0.667,0.667],"y":[1,1,1]},"o":{"x":[0.333,0.333,0.333],"y":[0,0,0]},"t":14,"s":[175.488,175.488,100]},{"i":{"x":[0.667,0.667,0.667],"y":[1,1,1]},"o":{"x":[0.167,0.167,0.167],"y":[0,0,0]},"t":38,"s":[175.488,175.488,100]},{"t":43,"s":[0,0,100]}],"ix":6}},"ao":0,"shapes":[{"ty":"gr","it":[{"d":1,"ty":"el","s":{"a":0,"k":[36.43,36.43],"ix":2},"p":{"a":0,"k":[0,0],"ix":3},"nm":"Ellipse Path 1","mn":"ADBE Vector Shape - Ellipse","hd":false},{"ty":"fl","c":{"a":0,"k":[1,0.5215686274509804,0.8627450980392157,1],"ix":4},"o":{"a":0,"k":100,"ix":5},"r":1,"bm":0,"nm":"Fill 1","mn":"ADBE Vector Graphic - Fill","hd":false},{"ty":"tr","p":{"a":0,"k":[211.215,-43.785],"ix":2},"a":{"a":0,"k":[0,0],"ix":1},"s":{"a":0,"k":[100,100],"ix":3},"r":{"a":0,"k":0,"ix":6},"o":{"a":0,"k":100,"ix":7},"sk":{"a":0,"k":0,"ix":4},"sa":{"a":0,"k":0,"ix":5},"nm":"Transform"}],"nm":"Ellipse 1","np":3,"cix":2,"bm":0,"ix":1,"mn":"ADBE Vector Group","hd":false}],"ip":0,"op":75,"st":-30,"bm":0},{"ddd":0,"ind":3,"ty":4,"nm":"Shape Layer 4","sr":1,"ks":{"o":{"a":0,"k":100,"ix":11},"r":{"a":0,"k":0,"ix":10},"p":{"a":1,"k":[{"i":{"x":0.667,"y":1},"o":{"x":0.333,"y":0},"t":3,"s":[261.668,535.734,0],"to":[0,-4.667,0],"ti":[0,-2,0]},{"i":{"x":0.667,"y":1},"o":{"x":0.333,"y":0},"t":9,"s":[261.668,507.734,0],"to":[0,2,0],"ti":[0,-2.667,0]},{"i":{"x":0.667,"y":1},"o":{"x":0.333,"y":0},"t":15,"s":[261.668,547.734,0],"to":[0,2.667,0],"ti":[0,-0.667,0]},{"i":{"x":0.667,"y":1},"o":{"x":0.333,"y":0},"t":22,"s":[261.668,523.734,0],"to":[0,0.667,0],"ti":[0,-2,0]},{"i":{"x":0.667,"y":1},"o":{"x":0.333,"y":0},"t":28,"s":[261.668,551.734,0],"to":[0,2,0],"ti":[0,7.333,0]},{"i":{"x":0.667,"y":1},"o":{"x":0.333,"y":0},"t":34,"s":[261.668,535.734,0],"to":[0,-7.333,0],"ti":[0,-2,0]},{"i":{"x":0.667,"y":1},"o":{"x":0.333,"y":0},"t":40,"s":[261.668,507.734,0],"to":[0,2,0],"ti":[0,-2.667,0]},{"i":{"x":0.667,"y":1},"o":{"x":0.333,"y":0},"t":46,"s":[261.668,547.734,0],"to":[0,2.667,0],"ti":[0,-0.667,0]},{"i":{"x":0.667,"y":1},"o":{"x":0.333,"y":0},"t":53,"s":[261.668,523.734,0],"to":[0,0.667,0],"ti":[0,-4.667,0]},{"t":59,"s":[261.668,551.734,0]}],"ix":2},"a":{"a":0,"k":[-214.332,-71.332,0],"ix":1},"s":{"a":1,"k":[{"i":{"x":[0.667,0.667,0.667],"y":[1,1,1]},"o":{"x":[0.333,0.333,0.333],"y":[0,0,0]},"t":7,"s":[0,0,100]},{"i":{"x":[0.667,0.667,0.667],"y":[1,1,1]},"o":{"x":[0.333,0.333,0.333],"y":[0,0,0]},"t":14,"s":[100,100,100]},{"i":{"x":[0.667,0.667,0.667],"y":[1,1,1]},"o":{"x":[0.333,0.333,0.333],"y":[0,0,0]},"t":38,"s":[100,100,100]},{"t":44,"s":[0,0,100]}],"ix":6}},"ao":0,"shapes":[{"ty":"gr","it":[{"d":1,"ty":"el","s":{"a":0,"k":[53.336,53.336],"ix":2},"p":{"a":0,"k":[0,0],"ix":3},"nm":"Ellipse Path 1","mn":"ADBE Vector Shape - Ellipse","hd":false},{"ty":"fl","c":{"a":0,"k":[0.00784313725490196,0.8117647058823529,0.9568627450980393,1],"ix":4},"o":{"a":0,"k":100,"ix":5},"r":1,"bm":0,"nm":"Fill 1","mn":"ADBE Vector Graphic - Fill","hd":false},{"ty":"tr","p":{"a":0,"k":[-214.332,-71.332],"ix":2},"a":{"a":0,"k":[0,0],"ix":1},"s":{"a":0,"k":[100,100],"ix":3},"r":{"a":0,"k":0,"ix":6},"o":{"a":0,"k":100,"ix":7},"sk":{"a":0,"k":0,"ix":4},"sa":{"a":0,"k":0,"ix":5},"nm":"Transform"}],"nm":"Ellipse 1","np":3,"cix":2,"bm":0,"ix":1,"mn":"ADBE Vector Group","hd":false}],"ip":0,"op":75,"st":-30,"bm":0},{"ddd":0,"ind":4,"ty":4,"nm":"Shape Layer 3","sr":1,"ks":{"o":{"a":0,"k":100,"ix":11},"r":{"a":0,"k":0,"ix":10},"p":{"a":1,"k":[{"i":{"x":0.667,"y":1},"o":{"x":0.333,"y":0},"t":-1,"s":[628.203,513.27,0],"to":[0,-4.667,0],"ti":[0,-2,0]},{"i":{"x":0.667,"y":1},"o":{"x":0.333,"y":0},"t":5,"s":[628.203,485.27,0],"to":[0,2,0],"ti":[0,-2.667,0]},{"i":{"x":0.667,"y":1},"o":{"x":0.333,"y":0},"t":11,"s":[628.203,525.27,0],"to":[0,2.667,0],"ti":[0,-0.667,0]},{"i":{"x":0.667,"y":1},"o":{"x":0.333,"y":0},"t":18,"s":[628.203,501.27,0],"to":[0,0.667,0],"ti":[0,-2,0]},{"i":{"x":0.667,"y":1},"o":{"x":0.333,"y":0},"t":24,"s":[628.203,529.27,0],"to":[0,2,0],"ti":[0,7.333,0]},{"i":{"x":0.667,"y":1},"o":{"x":0.333,"y":0},"t":30,"s":[628.203,513.27,0],"to":[0,-7.333,0],"ti":[0,-2,0]},{"i":{"x":0.667,"y":1},"o":{"x":0.333,"y":0},"t":36,"s":[628.203,485.27,0],"to":[0,2,0],"ti":[0,-2.667,0]},{"i":{"x":0.667,"y":1},"o":{"x":0.333,"y":0},"t":42,"s":[628.203,525.27,0],"to":[0,2.667,0],"ti":[0,-0.667,0]},{"i":{"x":0.667,"y":1},"o":{"x":0.333,"y":0},"t":49,"s":[628.203,501.27,0],"to":[0,0.667,0],"ti":[0,-4.667,0]},{"t":55,"s":[628.203,529.27,0]}],"ix":2},"a":{"a":0,"k":[221.953,-111.047,0],"ix":1},"s":{"a":1,"k":[{"i":{"x":[0.667,0.667,0.667],"y":[1,1,1]},"o":{"x":[0.333,0.333,0.333],"y":[0,0,0]},"t":7,"s":[0,0,100]},{"i":{"x":[0.667,0.667,0.667],"y":[1,1,1]},"o":{"x":[0.333,0.333,0.333],"y":[0,0,0]},"t":14,"s":[100,100,100]},{"i":{"x":[0.667,0.667,0.667],"y":[1,1,1]},"o":{"x":[0.333,0.333,0.333],"y":[0,0,0]},"t":38,"s":[100,100,100]},{"t":44,"s":[0,0,100]}],"ix":6}},"ao":0,"shapes":[{"ty":"gr","it":[{"d":1,"ty":"el","s":{"a":0,"k":[21.906,21.906],"ix":2},"p":{"a":0,"k":[0,0],"ix":3},"nm":"Ellipse Path 1","mn":"ADBE Vector Shape - Ellipse","hd":false},{"ty":"fl","c":{"a":0,"k":[0.9882352941176471,0.8313725490196079,0,1],"ix":4},"o":{"a":0,"k":100,"ix":5},"r":1,"bm":0,"nm":"Fill 1","mn":"ADBE Vector Graphic - Fill","hd":false},{"ty":"tr","p":{"a":0,"k":[221.953,-111.047],"ix":2},"a":{"a":0,"k":[0,0],"ix":1},"s":{"a":0,"k":[100,100],"ix":3},"r":{"a":0,"k":0,"ix":6},"o":{"a":0,"k":100,"ix":7},"sk":{"a":0,"k":0,"ix":4},"sa":{"a":0,"k":0,"ix":5},"nm":"Transform"}],"nm":"Ellipse 1","np":3,"cix":2,"bm":0,"ix":1,"mn":"ADBE Vector Group","hd":false}],"ip":0,"op":75,"st":-30,"bm":0},{"ddd":0,"ind":5,"ty":4,"nm":"Shape Layer 2","sr":1,"ks":{"o":{"a":0,"k":100,"ix":11},"r":{"a":0,"k":0,"ix":10},"p":{"a":1,"k":[{"i":{"x":0.667,"y":1},"o":{"x":0.333,"y":0},"t":5,"s":[380.535,648.602,0],"to":[0,-4.667,0],"ti":[0,-2,0]},{"i":{"x":0.667,"y":1},"o":{"x":0.333,"y":0},"t":11,"s":[380.535,620.602,0],"to":[0,2,0],"ti":[0,-2.667,0]},{"i":{"x":0.667,"y":1},"o":{"x":0.333,"y":0},"t":17,"s":[380.535,660.602,0],"to":[0,2.667,0],"ti":[0,-0.667,0]},{"i":{"x":0.667,"y":1},"o":{"x":0.333,"y":0},"t":24,"s":[380.535,636.602,0],"to":[0,0.667,0],"ti":[0,-2,0]},{"i":{"x":0.667,"y":1},"o":{"x":0.333,"y":0},"t":30,"s":[380.535,664.602,0],"to":[0,2,0],"ti":[0,7.333,0]},{"i":{"x":0.667,"y":1},"o":{"x":0.333,"y":0},"t":36,"s":[380.535,648.602,0],"to":[0,-7.333,0],"ti":[0,-2,0]},{"i":{"x":0.667,"y":1},"o":{"x":0.333,"y":0},"t":42,"s":[380.535,620.602,0],"to":[0,2,0],"ti":[0,-2.667,0]},{"i":{"x":0.667,"y":1},"o":{"x":0.333,"y":0},"t":48,"s":[380.535,660.602,0],"to":[0,2.667,0],"ti":[0,-0.667,0]},{"i":{"x":0.667,"y":1},"o":{"x":0.333,"y":0},"t":55,"s":[380.535,636.602,0],"to":[0,0.667,0],"ti":[0,-4.667,0]},{"t":61,"s":[380.535,664.602,0]}],"ix":2},"a":{"a":0,"k":[-129.465,61.535,0],"ix":1},"s":{"a":1,"k":[{"i":{"x":[0.667,0.667,0.667],"y":[1,1,1]},"o":{"x":[0.333,0.333,0.333],"y":[0,0,0]},"t":7,"s":[0,0,100]},{"i":{"x":[0.667,0.667,0.667],"y":[1,1,1]},"o":{"x":[0.333,0.333,0.333],"y":[0,0,0]},"t":14,"s":[100,100,100]},{"i":{"x":[0.667,0.667,0.667],"y":[1,1,1]},"o":{"x":[0.333,0.333,0.333],"y":[0,0,0]},"t":39,"s":[100,100,100]},{"t":45,"s":[0,0,100]}],"ix":6}},"ao":0,"shapes":[{"ty":"gr","it":[{"d":1,"ty":"el","s":{"a":0,"k":[47.07,47.07],"ix":2},"p":{"a":0,"k":[0,0],"ix":3},"nm":"Ellipse Path 1","mn":"ADBE Vector Shape - Ellipse","hd":false},{"ty":"fl","c":{"a":0,"k":[1,0.5215686274509804,0.8627450980392157,1],"ix":4},"o":{"a":0,"k":100,"ix":5},"r":1,"bm":0,"nm":"Fill 1","mn":"ADBE Vector Graphic - Fill","hd":false},{"ty":"tr","p":{"a":0,"k":[-129.465,61.535],"ix":2},"a":{"a":0,"k":[0,0],"ix":1},"s":{"a":0,"k":[100,100],"ix":3},"r":{"a":0,"k":0,"ix":6},"o":{"a":0,"k":100,"ix":7},"sk":{"a":0,"k":0,"ix":4},"sa":{"a":0,"k":0,"ix":5},"nm":"Transform"}],"nm":"Ellipse 1","np":3,"cix":2,"bm":0,"ix":1,"mn":"ADBE Vector Group","hd":false}],"ip":0,"op":75,"st":-30,"bm":0},{"ddd":0,"ind":6,"ty":4,"nm":"Shape Layer 1","sr":1,"ks":{"o":{"a":0,"k":100,"ix":11},"r":{"a":0,"k":0,"ix":10},"p":{"a":1,"k":[{"i":{"x":0.667,"y":1},"o":{"x":0.333,"y":0},"t":-4,"s":[391.715,347.781,0],"to":[0,-4.667,0],"ti":[0,-2,0]},{"i":{"x":0.667,"y":1},"o":{"x":0.333,"y":0},"t":2,"s":[391.715,319.781,0],"to":[0,2,0],"ti":[0,-2.667,0]},{"i":{"x":0.667,"y":1},"o":{"x":0.333,"y":0},"t":8,"s":[391.715,359.781,0],"to":[0,2.667,0],"ti":[0,-0.667,0]},{"i":{"x":0.667,"y":1},"o":{"x":0.333,"y":0},"t":15,"s":[391.715,335.781,0],"to":[0,0.667,0],"ti":[0,-2,0]},{"i":{"x":0.667,"y":1},"o":{"x":0.333,"y":0},"t":21,"s":[391.715,363.781,0],"to":[0,2,0],"ti":[0,7.333,0]},{"i":{"x":0.667,"y":1},"o":{"x":0.333,"y":0},"t":27,"s":[391.715,347.781,0],"to":[0,-7.333,0],"ti":[0,-2,0]},{"i":{"x":0.667,"y":1},"o":{"x":0.333,"y":0},"t":33,"s":[391.715,319.781,0],"to":[0,2,0],"ti":[0,-2.667,0]},{"i":{"x":0.667,"y":1},"o":{"x":0.333,"y":0},"t":39,"s":[391.715,359.781,0],"to":[0,2.667,0],"ti":[0,-0.667,0]},{"i":{"x":0.667,"y":1},"o":{"x":0.333,"y":0},"t":46,"s":[391.715,335.781,0],"to":[0,0.667,0],"ti":[0,-4.667,0]},{"t":52,"s":[391.715,363.781,0]}],"ix":2},"a":{"a":0,"k":[-108.285,-259.285,0],"ix":1},"s":{"a":1,"k":[{"i":{"x":[0.667,0.667,0.667],"y":[1,1,1]},"o":{"x":[0.333,0.333,0.333],"y":[0,0,0]},"t":7,"s":[0,0,100]},{"i":{"x":[0.667,0.667,0.667],"y":[1,1,1]},"o":{"x":[0.333,0.333,0.333],"y":[0,0,0]},"t":14,"s":[100,100,100]},{"i":{"x":[0.667,0.667,0.667],"y":[1,1,1]},"o":{"x":[0.333,0.333,0.333],"y":[0,0,0]},"t":38,"s":[100,100,100]},{"t":44,"s":[0,0,100]}],"ix":6}},"ao":0,"shapes":[{"ty":"gr","it":[{"d":1,"ty":"el","s":{"a":0,"k":[33.43,33.43],"ix":2},"p":{"a":0,"k":[0,0],"ix":3},"nm":"Ellipse Path 1","mn":"ADBE Vector Shape - Ellipse","hd":false},{"ty":"fl","c":{"a":0,"k":[0.00784313725490196,0.8117647058823529,0.9568627450980393,1],"ix":4},"o":{"a":0,"k":100,"ix":5},"r":1,"bm":0,"nm":"Fill 1","mn":"ADBE Vector Graphic - Fill","hd":false},{"ty":"tr","p":{"a":0,"k":[-108.285,-259.285],"ix":2},"a":{"a":0,"k":[0,0],"ix":1},"s":{"a":0,"k":[100,100],"ix":3},"r":{"a":0,"k":0,"ix":6},"o":{"a":0,"k":100,"ix":7},"sk":{"a":0,"k":0,"ix":4},"sa":{"a":0,"k":0,"ix":5},"nm":"Transform"}],"nm":"Ellipse 1","np":3,"cix":2,"bm":0,"ix":1,"mn":"ADBE Vector Group","hd":false}],"ip":0,"op":75,"st":-30,"bm":0},{"ddd":0,"ind":10,"ty":4,"nm":"Fill 7","sr":1,"ks":{"o":{"a":0,"k":100,"ix":11},"r":{"a":0,"k":240,"ix":10},"p":{"a":1,"k":[{"i":{"x":0.667,"y":1},"o":{"x":0.333,"y":0},"t":7,"s":[554,576.066,0],"to":[0,-4,0],"ti":[0,-2,0]},{"i":{"x":0.667,"y":1},"o":{"x":0.333,"y":0},"t":13,"s":[554,552.066,0],"to":[0,2,0],"ti":[0,-2,0]},{"i":{"x":0.667,"y":1},"o":{"x":0.333,"y":0},"t":20,"s":[554,588.066,0],"to":[0,2,0],"ti":[0,0,0]},{"i":{"x":0.667,"y":1},"o":{"x":0.333,"y":0},"t":26,"s":[554,564.066,0],"to":[0,0,0],"ti":[0,1.333,0]},{"i":{"x":0.667,"y":1},"o":{"x":0.333,"y":0},"t":32,"s":[554,588.066,0],"to":[0,-1.333,0],"ti":[0,2.917,0]},{"i":{"x":0.667,"y":1},"o":{"x":0.333,"y":0},"t":38,"s":[554,556.066,0],"to":[0,-2.917,0],"ti":[0,-2.417,0]},{"t":42,"s":[554,570.566,0]}],"ix":2},"a":{"a":0,"k":[0,0,0],"ix":1},"s":{"a":1,"k":[{"i":{"x":[0.667,0.667,0.667],"y":[1,1,1]},"o":{"x":[0.333,0.333,0.333],"y":[0,0,0]},"t":7,"s":[100,100,100]},{"i":{"x":[0.667,0.667,0.667],"y":[1,1,1]},"o":{"x":[0.333,0.333,0.333],"y":[0,0,0]},"t":14,"s":[68,68,100]},{"t":58,"s":[68,68,100]}],"ix":6}},"ao":0,"shapes":[{"ty":"gr","it":[{"ind":0,"ty":"sh","ix":1,"ks":{"a":1,"k":[{"i":{"x":0.833,"y":1},"o":{"x":0.333,"y":0},"t":7,"s":[{"i":[[2.51,2.249],[1.281,-2.212],[0,-4.358],[-4.9,-4.4],[-1.238,2.041],[0,4.537],[1.324,2.968]],"o":[[-1.892,1.695],[-2.035,3.516],[0,7.1],[1.769,-1.588],[2.193,-3.614],[0,-3.463],[-1.391,-3.117]],"v":[[0,-17.853],[-4.796,-11.957],[-8,-0.003],[0,17.857],[4.541,12.384],[8,-0.003],[5.938,-9.721]],"c":true}]},{"i":{"x":0.833,"y":1},"o":{"x":0.333,"y":0},"t":14,"s":[{"i":[[-3.301,0],[-1.894,-1.327],[0,-3.955],[6.443,0],[1.82,1.173],[0,4.118],[-2.021,2.098]],"o":[[2.488,0],[3.01,2.11],[0,6.443],[-2.326,0],[-3.222,-2.076],[0,-3.143],[2.122,-2.203]],"v":[[-3.5,-11.88],[3.188,-9.774],[8.167,-0.214],[-3.5,11.453],[-9.812,9.6],[-15.167,-0.214],[-11.903,-8.307]],"c":true}]},{"i":{"x":0.615,"y":1},"o":{"x":0.333,"y":0},"t":38,"s":[{"i":[[-3.301,0],[-1.894,-1.327],[0,-3.955],[6.443,0],[1.82,1.173],[0,4.118],[-2.021,2.098]],"o":[[2.488,0],[3.01,2.11],[0,6.443],[-2.326,0],[-3.222,-2.076],[0,-3.143],[2.122,-2.203]],"v":[[-3.5,-11.88],[3.188,-9.774],[8.167,-0.214],[-3.5,11.453],[-9.812,9.6],[-15.167,-0.214],[-11.903,-8.307]],"c":true}]},{"i":{"x":0.572,"y":1},"o":{"x":0.355,"y":0},"t":42,"s":[{"i":[[0,0],[-0.959,-0.672],[0,-2.003],[3.263,0],[0.921,0.594],[0,0],[0,0]],"o":[[0,0],[1.524,1.068],[0,3.263],[-1.178,0],[-1.631,-1.051],[0,0],[0,0]],"v":[[-16.284,-5.818],[-12.775,-3.57],[-10.254,1.271],[-16.162,7.179],[-19.358,6.241],[-22.337,4.703],[-19.421,-0.336]],"c":true}]},{"i":{"x":0.572,"y":1},"o":{"x":0.487,"y":0},"t":46,"s":[{"i":[[0,0],[-0.959,-0.672],[0,-2.003],[3.263,0],[0.921,0.594],[0,0],[0,0]],"o":[[0,0],[1.524,1.068],[0,3.263],[-1.178,0],[-1.631,-1.051],[0,0],[0,0]],"v":[[-16.138,-5.734],[1.471,4.721],[3.992,9.563],[-1.916,15.471],[-5.112,14.532],[-22.191,4.788],[-19.275,-0.252]],"c":true}]},{"i":{"x":0.833,"y":1},"o":{"x":0.487,"y":0},"t":50,"s":[{"i":[[0,0],[-0.959,-0.672],[0,-2.003],[3.263,0],[0.921,0.594],[0,0],[0,0]],"o":[[0,0],[1.524,1.068],[0,3.263],[-1.178,0],[-1.631,-1.051],[0,0],[0,0]],"v":[[-16.138,-5.734],[1.471,4.721],[3.992,9.563],[-1.916,15.471],[-5.112,14.532],[-22.191,4.788],[-19.275,-0.252]],"c":true}]},{"i":{"x":0.833,"y":1},"o":{"x":0.167,"y":0},"t":55,"s":[{"i":[[0,0],[-0.959,-0.672],[0,-2.003],[3.263,0],[0.921,0.594],[0,0],[0,0]],"o":[[0,0],[1.524,1.068],[0,3.263],[-1.178,0],[-1.631,-1.051],[0,0],[0,0]],"v":[[-16.138,-5.734],[-3.411,1.903],[-0.89,6.744],[-6.798,12.652],[-9.994,11.714],[-22.191,4.788],[-19.275,-0.252]],"c":true}]},{"t":72,"s":[{"i":[[0,0],[-0.959,-0.672],[0,-2.003],[3.263,0],[0.921,0.594],[0,0],[0,0]],"o":[[0,0],[1.524,1.068],[0,3.263],[-1.178,0],[-1.631,-1.051],[0,0],[0,0]],"v":[[-16.138,-5.734],[20.553,19.219],[23.074,24.06],[17.166,29.968],[13.97,29.03],[-22.191,4.788],[-19.275,-0.252]],"c":true}]}],"ix":2},"nm":"Path 1","mn":"ADBE Vector Shape - Group","hd":false},{"ty":"fl","c":{"a":0,"k":[0.00784313725490196,0.8117647058823529,0.9568627450980393,1],"ix":4},"o":{"a":0,"k":100,"ix":5},"r":1,"bm":0,"nm":"Fill 1","mn":"ADBE Vector Graphic - Fill","hd":false},{"ty":"tr","p":{"a":0,"k":[0,0],"ix":2},"a":{"a":0,"k":[0,0],"ix":1},"s":{"a":0,"k":[600,600],"ix":3},"r":{"a":0,"k":0,"ix":6},"o":{"a":0,"k":100,"ix":7},"sk":{"a":0,"k":0,"ix":4},"sa":{"a":0,"k":0,"ix":5},"nm":"Transform"}],"nm":"Fill 5","np":2,"cix":2,"bm":0,"ix":1,"mn":"ADBE Vector Group","hd":false}],"ip":0,"op":251,"st":-30,"bm":0},{"ddd":0,"ind":11,"ty":4,"nm":"Fill 6","sr":1,"ks":{"o":{"a":0,"k":100,"ix":11},"r":{"a":0,"k":120,"ix":10},"p":{"a":1,"k":[{"i":{"x":0.667,"y":1},"o":{"x":0.333,"y":0},"t":11,"s":[554,408.066,0],"to":[0,-4,0],"ti":[0,-2,0]},{"i":{"x":0.667,"y":1},"o":{"x":0.333,"y":0},"t":17,"s":[554,384.066,0],"to":[0,2,0],"ti":[0,-2,0]},{"i":{"x":0.667,"y":1},"o":{"x":0.333,"y":0},"t":24,"s":[554,420.066,0],"to":[0,2,0],"ti":[0,0,0]},{"i":{"x":0.667,"y":1},"o":{"x":0.333,"y":0},"t":30,"s":[554,396.066,0],"to":[0,0,0],"ti":[0,1.333,0]},{"i":{"x":0.667,"y":1},"o":{"x":0.333,"y":0},"t":36,"s":[554,420.066,0],"to":[0,-1.333,0],"ti":[0,2,0]},{"i":{"x":0.667,"y":0.428},"o":{"x":0.333,"y":0},"t":42,"s":[554,388.066,0],"to":[0,-0.707,0],"ti":[0,-3.339,0]},{"t":44,"s":[554,393.066,0]}],"ix":2},"a":{"a":0,"k":[0,0,0],"ix":1},"s":{"a":1,"k":[{"i":{"x":[0.667,0.667,0.667],"y":[1,1,1]},"o":{"x":[0.333,0.333,0.333],"y":[0,0,0]},"t":7,"s":[100,100,100]},{"i":{"x":[0.667,0.667,0.667],"y":[1,1,1]},"o":{"x":[0.333,0.333,0.333],"y":[0,0,0]},"t":14,"s":[120,120,100]},{"t":58,"s":[120,120,100]}],"ix":6}},"ao":0,"shapes":[{"ty":"gr","it":[{"ind":0,"ty":"sh","ix":1,"ks":{"a":1,"k":[{"i":{"x":0.833,"y":1},"o":{"x":0.333,"y":0},"t":7,"s":[{"i":[[1.819,1.63],[0,-7.1],[-2.517,-3.79],[-1.525,-1.369],[0,7.1],[2.128,3.573]],"o":[[-4.9,4.39],[0,4.89],[1.137,1.712],[4.9,-4.4],[0,-4.464],[-1.256,-2.11]],"v":[[0,-17.853],[-8,-0.003],[-4.013,13.217],[0,17.857],[8,-0.003],[4.647,-12.212]],"c":true}]},{"i":{"x":0.833,"y":1},"o":{"x":0.333,"y":0},"t":14,"s":[{"i":[[-2.392,0],[0,-6.443],[3.648,-1.972],[2.005,0],[0,6.443],[-3.135,2.092]],"o":[[6.443,0],[0,4.438],[-1.648,0.891],[-6.443,0],[0,-4.051],[1.851,-1.235]],"v":[[-3.5,-11.88],[8.167,-0.214],[2.041,10.056],[-3.5,11.453],[-15.167,-0.214],[-9.967,-9.925]],"c":true}]},{"i":{"x":0.615,"y":1},"o":{"x":0.333,"y":0},"t":40,"s":[{"i":[[-2.392,0],[0,-6.443],[3.648,-1.972],[2.005,0],[0,6.443],[-3.135,2.092]],"o":[[6.443,0],[0,4.438],[-1.648,0.891],[-6.443,0],[0,-4.051],[1.851,-1.235]],"v":[[-3.5,-11.88],[8.167,-0.214],[2.041,10.056],[-3.5,11.453],[-15.167,-0.214],[-9.967,-9.925]],"c":true}]},{"i":{"x":0.572,"y":1},"o":{"x":0.355,"y":0},"t":44,"s":[{"i":[[0,0],[0,0],[1.064,-0.567],[0.572,0],[0,1.861],[-0.912,0.603]],"o":[[0,0],[0,0],[-0.472,0.252],[-1.861,0],[0,-1.176],[0.532,-0.352]],"v":[[31.803,-13.337],[35.133,-7.602],[33.212,-6.469],[31.629,-6.075],[28.258,-9.446],[29.773,-12.259]],"c":true}]},{"i":{"x":0.572,"y":1},"o":{"x":0.51,"y":0},"t":48,"s":[{"i":[[0,0],[0,0],[1.064,-0.567],[0.572,0],[0,1.861],[-0.912,0.603]],"o":[[0,0],[0,0],[-0.472,0.252],[-1.861,0],[0,-1.176],[0.532,-0.352]],"v":[[31.833,-13.354],[35.164,-7.619],[12.683,5.405],[11.1,5.799],[7.73,2.429],[9.244,-0.385]],"c":true}]},{"i":{"x":0.833,"y":1},"o":{"x":0.51,"y":0},"t":50,"s":[{"i":[[0,0],[0,0],[1.064,-0.567],[0.572,0],[0,1.861],[-0.912,0.603]],"o":[[0,0],[0,0],[-0.472,0.252],[-1.861,0],[0,-1.176],[0.532,-0.352]],"v":[[31.833,-13.354],[35.164,-7.619],[12.683,5.405],[11.1,5.799],[7.73,2.429],[9.244,-0.385]],"c":true}]},{"i":{"x":0.833,"y":1},"o":{"x":0.167,"y":0},"t":59,"s":[{"i":[[0,0],[0,0],[1.064,-0.567],[0.572,0],[0,1.861],[-0.912,0.603]],"o":[[0,0],[0,0],[-0.472,0.252],[-1.861,0],[0,-1.176],[0.532,-0.352]],"v":[[31.833,-13.354],[35.164,-7.619],[21.307,-0.215],[19.723,0.179],[16.353,-3.191],[17.867,-6.005]],"c":true}]},{"t":72,"s":[{"i":[[0,0],[0,0],[1.064,-0.567],[0.572,0],[0,1.861],[-0.912,0.603]],"o":[[0,0],[0,0],[-0.472,0.252],[-1.861,0],[0,-1.176],[0.532,-0.352]],"v":[[31.833,-13.354],[35.164,-7.619],[4.31,8.957],[2.727,9.351],[-0.644,5.98],[0.87,3.167]],"c":true}]}],"ix":2},"nm":"Path 1","mn":"ADBE Vector Shape - Group","hd":false},{"ty":"fl","c":{"a":0,"k":[1,0.5215686274509804,0.8627450980392157,1],"ix":4},"o":{"a":0,"k":100,"ix":5},"r":1,"bm":0,"nm":"Fill 1","mn":"ADBE Vector Graphic - Fill","hd":false},{"ty":"tr","p":{"a":0,"k":[0,0],"ix":2},"a":{"a":0,"k":[0,0],"ix":1},"s":{"a":0,"k":[600,600],"ix":3},"r":{"a":0,"k":0,"ix":6},"o":{"a":0,"k":100,"ix":7},"sk":{"a":0,"k":0,"ix":4},"sa":{"a":0,"k":0,"ix":5},"nm":"Transform"}],"nm":"Fill 5","np":2,"cix":2,"bm":0,"ix":1,"mn":"ADBE Vector Group","hd":false}],"ip":0,"op":251,"st":-30,"bm":0},{"ddd":0,"ind":12,"ty":4,"nm":"Fill 5","sr":1,"ks":{"o":{"a":0,"k":100,"ix":11},"r":{"a":0,"k":0,"ix":10},"p":{"a":1,"k":[{"i":{"x":0.667,"y":1},"o":{"x":0.333,"y":0},"t":9,"s":[410,492.066,0],"to":[0,-4,0],"ti":[0,-2,0]},{"i":{"x":0.667,"y":1},"o":{"x":0.333,"y":0},"t":15,"s":[410,468.066,0],"to":[0,2,0],"ti":[0,-2,0]},{"i":{"x":0.667,"y":1},"o":{"x":0.333,"y":0},"t":22,"s":[410,504.066,0],"to":[0,2,0],"ti":[0,0,0]},{"i":{"x":0.667,"y":1},"o":{"x":0.333,"y":0},"t":28,"s":[410,480.066,0],"to":[0,0,0],"ti":[0,1.333,0]},{"i":{"x":0.667,"y":1},"o":{"x":0.333,"y":0},"t":34,"s":[410,504.066,0],"to":[0,-1.333,0],"ti":[0,2,0]},{"i":{"x":0.667,"y":0.6},"o":{"x":0.333,"y":0},"t":40,"s":[410,472.066,0],"to":[0,-1.34,0],"ti":[0,-6.369,0]},{"t":44,"s":[410,486.826,0]}],"ix":2},"a":{"a":0,"k":[0,0,0],"ix":1},"s":{"a":0,"k":[100,100,100],"ix":6}},"ao":0,"shapes":[{"ty":"gr","it":[{"ind":0,"ty":"sh","ix":1,"ks":{"a":1,"k":[{"i":{"x":0.833,"y":1},"o":{"x":0.333,"y":0},"t":7,"s":[{"i":[[4.9,4.39],[0,-7.1],[-2.089,-3.552],[-1.849,-1.661],[-1.204,1.918],[0,4.668]],"o":[[-4.9,4.39],[0,4.42],[1.267,2.154],[1.679,-1.507],[2.31,-3.681],[0,-7.1]],"v":[[0,-17.853],[-8,-0.003],[-4.709,12.103],[0,17.857],[4.35,12.694],[8,-0.003]],"c":true}]},{"i":{"x":0.833,"y":1},"o":{"x":0.333,"y":0},"t":14,"s":[{"i":[[-6.443,0],[0,-6.443],[3.083,-2.1],[2.432,0],[1.76,1.065],[0,4.236]],"o":[[6.443,0],[0,4.011],[-1.869,1.273],[-2.207,0],[-3.378,-2.044],[0,-6.443]],"v":[[-3.5,-11.88],[8.167,-0.214],[3.059,9.436],[-3.5,11.453],[-9.532,9.775],[-15.167,-0.214]],"c":true}]},{"i":{"x":0.615,"y":1},"o":{"x":0.333,"y":0},"t":42,"s":[{"i":[[-6.443,0],[0,-6.443],[3.083,-2.1],[2.432,0],[1.76,1.065],[0,4.236]],"o":[[6.443,0],[0,4.011],[-1.869,1.273],[-2.207,0],[-3.378,-2.044],[0,-6.443]],"v":[[-3.5,-11.88],[8.167,-0.214],[3.059,9.436],[-3.5,11.453],[-9.532,9.775],[-15.167,-0.214]],"c":true}]},{"i":{"x":0.572,"y":1},"o":{"x":0.355,"y":0},"t":46,"s":[{"i":[[-2.238,0],[0,-2.238],[0,0],[0,0],[0,0],[0,1.754]],"o":[[2.238,0],[0,1.681],[0,0],[0,0],[0,0],[0,-2.238]],"v":[[-0.528,19.303],[3.524,23.355],[3.586,25.361],[-0.417,25.387],[-4.473,25.398],[-4.58,23.355]],"c":true}]},{"i":{"x":0.833,"y":1},"o":{"x":0.469,"y":0},"t":50,"s":[{"i":[[-2.238,0],[0,-2.238],[0,0],[0,0],[0,0],[0,1.754]],"o":[[2.238,0],[0,1.681],[0,0],[0,0],[0,0],[0,-2.238]],"v":[[-0.532,2.886],[3.52,6.938],[3.586,25.361],[-0.417,25.387],[-4.473,25.398],[-4.585,6.938]],"c":true}]},{"i":{"x":0.833,"y":1},"o":{"x":0.167,"y":0},"t":59,"s":[{"i":[[-2.238,0],[0,-2.238],[0,0],[0,0],[0,0],[0,1.754]],"o":[[2.238,0],[0,1.681],[0,0],[0,0],[0,0],[0,-2.238]],"v":[[-0.455,8.386],[3.598,12.438],[3.586,25.361],[-0.417,25.387],[-4.473,25.398],[-4.507,12.438]],"c":true}]},{"t":72,"s":[{"i":[[-2.238,0],[0,-2.238],[0,0],[0,0],[0,0],[0,1.754]],"o":[[2.238,0],[0,1.681],[0,0],[0,0],[0,0],[0,-2.238]],"v":[[-0.53,-10.781],[3.522,-6.728],[3.586,25.361],[-0.417,25.387],[-4.473,25.398],[-4.582,-6.728]],"c":true}]}],"ix":2},"nm":"Path 1","mn":"ADBE Vector Shape - Group","hd":false},{"ty":"fl","c":{"a":0,"k":[0.9882352941176471,0.8313725490196079,0,1],"ix":4},"o":{"a":0,"k":100,"ix":5},"r":1,"bm":0,"nm":"Fill 1","mn":"ADBE Vector Graphic - Fill","hd":false},{"ty":"tr","p":{"a":0,"k":[0,0],"ix":2},"a":{"a":0,"k":[0,0],"ix":1},"s":{"a":0,"k":[600,600],"ix":3},"r":{"a":0,"k":0,"ix":6},"o":{"a":0,"k":100,"ix":7},"sk":{"a":0,"k":0,"ix":4},"sa":{"a":0,"k":0,"ix":5},"nm":"Transform"}],"nm":"Fill 5","np":2,"cix":2,"bm":0,"ix":1,"mn":"ADBE Vector Group","hd":false}],"ip":0,"op":251,"st":-30,"bm":0}]}],"layers":[{"ddd":0,"ind":1,"ty":4,"nm":"Shape Layer 2","sr":1,"ks":{"o":{"a":0,"k":100,"ix":11},"r":{"a":0,"k":0,"ix":10},"p":{"a":1,"k":[{"i":{"x":0.181,"y":1},"o":{"x":0.333,"y":0},"t":45,"s":[761.637,949.895,0],"to":[0,-9.333,0],"ti":[0,9.333,0]},{"t":54,"s":[761.637,893.895,0]}],"ix":2},"a":{"a":0,"k":[4.637,-49.105,0],"ix":1},"s":{"a":0,"k":[100,100,100],"ix":6}},"ao":0,"shapes":[{"ty":"gr","it":[{"ind":0,"ty":"sh","ix":1,"ks":{"a":0,"k":{"i":[[0,0],[-34,-22],[-18,-10],[-32,-16],[-28,-26]],"o":[[0,0],[18.773,12.147],[18,10],[32,16],[16.71,15.517]],"v":[[-245,-152],[-51,-184],[-27,-138],[125,-144],[143,-52]],"c":false},"ix":2},"nm":"Path 1","mn":"ADBE Vector Shape - Group","hd":false},{"ty":"st","c":{"a":0,"k":[0.5568627450980392,0.5254901960784314,0.5254901960784314,1],"ix":3},"o":{"a":0,"k":100,"ix":4},"w":{"a":0,"k":15,"ix":5},"lc":2,"lj":1,"ml":4,"bm":0,"nm":"Stroke 1","mn":"ADBE Vector Graphic - Stroke","hd":false},{"ty":"tm","s":{"a":0,"k":0,"ix":1},"e":{"a":1,"k":[{"i":{"x":[0.353],"y":[1]},"o":{"x":[0.52],"y":[0]},"t":61,"s":[0]},{"t":80,"s":[100]}],"ix":2},"o":{"a":0,"k":0,"ix":3},"m":1,"ix":3,"nm":"Trim Paths 1","mn":"ADBE Vector Filter - Trim","hd":false},{"ty":"tr","p":{"a":0,"k":[0,0],"ix":2},"a":{"a":0,"k":[0,0],"ix":1},"s":{"a":0,"k":[100,100],"ix":3},"r":{"a":0,"k":0,"ix":6},"o":{"a":0,"k":100,"ix":7},"sk":{"a":0,"k":0,"ix":4},"sa":{"a":0,"k":0,"ix":5},"nm":"Transform"}],"nm":"Shape 1","np":3,"cix":2,"bm":0,"ix":1,"mn":"ADBE Vector Group","hd":false},{"ty":"gr","it":[{"ind":0,"ty":"sh","ix":1,"ks":{"a":0,"k":{"i":[[0,0],[0,0]],"o":[[0,0],[0,0]],"v":[[194.139,3.839],[171.158,-78.438]],"c":false},"ix":2},"nm":"Path 1","mn":"ADBE Vector Shape - Group","hd":false},{"ty":"st","c":{"a":0,"k":[0.5568627450980392,0.5254901960784314,0.5254901960784314,1],"ix":3},"o":{"a":0,"k":100,"ix":4},"w":{"a":0,"k":15,"ix":5},"lc":2,"lj":2,"bm":0,"nm":"Stroke 1","mn":"ADBE Vector Graphic - Stroke","hd":false},{"ty":"tm","s":{"a":0,"k":0,"ix":1},"e":{"a":1,"k":[{"i":{"x":[0.181],"y":[1]},"o":{"x":[0.333],"y":[0]},"t":45,"s":[0]},{"t":54,"s":[100]}],"ix":2},"o":{"a":0,"k":0,"ix":3},"m":1,"ix":3,"nm":"Trim Paths 1","mn":"ADBE Vector Filter - Trim","hd":false},{"ty":"tr","p":{"a":0,"k":[-25.863,-117.605],"ix":2},"a":{"a":0,"k":[0,0],"ix":1},"s":{"a":0,"k":[100,100],"ix":3},"r":{"a":0,"k":-45,"ix":6},"o":{"a":0,"k":100,"ix":7},"sk":{"a":0,"k":0,"ix":4},"sa":{"a":0,"k":0,"ix":5},"nm":"Transform"}],"nm":"Rectangle 2","np":3,"cix":2,"bm":0,"ix":2,"mn":"ADBE Vector Group","hd":false},{"ty":"gr","it":[{"ind":0,"ty":"sh","ix":1,"ks":{"a":0,"k":{"i":[[-5.866,-27.65],[0,0],[32.053,8.779],[0,0],[5.523,28.313],[0,0],[-32.218,-4.404],[0,0]],"o":[[0,0],[7.923,30.081],[0,0],[-26.385,-5.01],[0,0],[-6.674,-30.655],[0,0],[27.987,6.91]],"v":[[160.905,-112.733],[250,199],[199,250],[-112.733,163.733],[-163.733,112.733],[-250,-199],[-199,-250],[109.905,-163.733]],"c":true},"ix":2},"nm":"Path 1","mn":"ADBE Vector Shape - Group","hd":false},{"ty":"st","c":{"a":0,"k":[0.5568627450980392,0.5254901960784314,0.5254901960784314,1],"ix":3},"o":{"a":0,"k":100,"ix":4},"w":{"a":0,"k":15,"ix":5},"lc":2,"lj":2,"bm":0,"d":[{"n":"d","nm":"dash","v":{"a":0,"k":1455,"ix":1}},{"n":"o","nm":"offset","v":{"a":0,"k":-162,"ix":7}}],"nm":"Stroke 1","mn":"ADBE Vector Graphic - Stroke","hd":false},{"ty":"fl","c":{"a":0,"k":[1,1,1,1],"ix":4},"o":{"a":1,"k":[{"i":{"x":[0.181],"y":[1]},"o":{"x":[0.333],"y":[0]},"t":48,"s":[0]},{"t":57,"s":[50]}],"ix":5},"r":1,"bm":0,"nm":"Fill 1","mn":"ADBE Vector Graphic - Fill","hd":false},{"ty":"tm","s":{"a":0,"k":0,"ix":1},"e":{"a":1,"k":[{"i":{"x":[0.181],"y":[1]},"o":{"x":[0.333],"y":[0]},"t":45,"s":[0]},{"t":54,"s":[100]}],"ix":2},"o":{"a":0,"k":0,"ix":3},"m":1,"ix":4,"nm":"Trim Paths 1","mn":"ADBE Vector Filter - Trim","hd":false},{"ty":"tr","p":{"a":0,"k":[-25.863,-117.605],"ix":2},"a":{"a":0,"k":[0,0],"ix":1},"s":{"a":0,"k":[100,100],"ix":3},"r":{"a":0,"k":-45,"ix":6},"o":{"a":0,"k":100,"ix":7},"sk":{"a":0,"k":0,"ix":4},"sa":{"a":0,"k":0,"ix":5},"nm":"Transform"}],"nm":"Rectangle 1","np":4,"cix":2,"bm":0,"ix":3,"mn":"ADBE Vector Group","hd":false}],"ip":41,"op":96,"st":45,"bm":0},{"ddd":1,"ind":2,"ty":0,"nm":"Comp 16","refId":"comp_0","sr":1,"ks":{"o":{"a":0,"k":100,"ix":11},"rx":{"a":1,"k":[{"i":{"x":[0.378],"y":[1]},"o":{"x":[0.333],"y":[0]},"t":37,"s":[0]},{"t":49,"s":[-28]}],"ix":8},"ry":{"a":1,"k":[{"i":{"x":[0.378],"y":[1]},"o":{"x":[0.333],"y":[0]},"t":37,"s":[0]},{"t":49,"s":[-8]}],"ix":9},"rz":{"a":1,"k":[{"i":{"x":[0.378],"y":[1]},"o":{"x":[0.333],"y":[0]},"t":37,"s":[0]},{"t":49,"s":[33]}],"ix":10},"or":{"a":1,"k":[{"i":{"x":0.378,"y":1},"o":{"x":0.333,"y":0},"t":37,"s":[0,0,0],"to":[0,0,0],"ti":[0,0,0]},{"t":49,"s":[328,0,3]}],"ix":7},"p":{"a":1,"k":[{"i":{"x":0.378,"y":1},"o":{"x":0.333,"y":0},"t":37,"s":[757,757,0],"to":[-5.192,17.834,-29.777],"ti":[5.192,-17.834,29.777]},{"t":49,"s":[725.847,864.005,-178.661]}],"ix":2},"a":{"a":0,"k":[500,500,0],"ix":1},"s":{"a":0,"k":[100,100,100],"ix":6}},"ao":0,"w":1000,"h":1000,"ip":0,"op":96,"st":0,"bm":0},{"ddd":0,"ind":3,"ty":4,"nm":"Shape Layer 1","sr":1,"ks":{"o":{"a":0,"k":100,"ix":11},"r":{"a":0,"k":0,"ix":10},"p":{"a":0,"k":[761.637,815.895,0],"ix":2},"a":{"a":0,"k":[4.637,-49.105,0],"ix":1},"s":{"a":0,"k":[100,-100,100],"ix":6}},"ao":0,"shapes":[{"ty":"gr","it":[{"ind":0,"ty":"sh","ix":1,"ks":{"a":0,"k":{"i":[[0,0],[0,0]],"o":[[0,0],[0,0]],"v":[[194.139,3.839],[171.158,-78.438]],"c":false},"ix":2},"nm":"Path 1","mn":"ADBE Vector Shape - Group","hd":false},{"ty":"st","c":{"a":0,"k":[0.5568627450980392,0.5254901960784314,0.5254901960784314,1],"ix":3},"o":{"a":0,"k":100,"ix":4},"w":{"a":0,"k":15,"ix":5},"lc":2,"lj":2,"bm":0,"nm":"Stroke 1","mn":"ADBE Vector Graphic - Stroke","hd":false},{"ty":"tr","p":{"a":0,"k":[-25.863,-117.605],"ix":2},"a":{"a":0,"k":[0,0],"ix":1},"s":{"a":0,"k":[100,100],"ix":3},"r":{"a":0,"k":-45,"ix":6},"o":{"a":0,"k":100,"ix":7},"sk":{"a":0,"k":0,"ix":4},"sa":{"a":0,"k":0,"ix":5},"nm":"Transform"}],"nm":"Rectangle 2","np":2,"cix":2,"bm":0,"ix":1,"mn":"ADBE Vector Group","hd":false},{"ty":"gr","it":[{"ind":0,"ty":"sh","ix":1,"ks":{"a":0,"k":{"i":[[-5.866,-27.65],[0,0],[32.053,8.779],[0,0],[5.523,28.313],[0,0],[-32.218,-4.404],[0,0]],"o":[[0,0],[7.923,30.081],[0,0],[-26.385,-5.01],[0,0],[-6.674,-30.655],[0,0],[27.987,6.91]],"v":[[160.905,-112.733],[250,199],[199,250],[-112.733,163.733],[-163.733,112.733],[-250,-199],[-199,-250],[109.905,-163.733]],"c":true},"ix":2},"nm":"Path 1","mn":"ADBE Vector Shape - Group","hd":false},{"ty":"st","c":{"a":0,"k":[0.5568627450980392,0.5254901960784314,0.5254901960784314,1],"ix":3},"o":{"a":0,"k":100,"ix":4},"w":{"a":0,"k":15,"ix":5},"lc":2,"lj":2,"bm":0,"d":[{"n":"d","nm":"dash","v":{"a":0,"k":1455,"ix":1}},{"n":"o","nm":"offset","v":{"a":0,"k":-162,"ix":7}}],"nm":"Stroke 1","mn":"ADBE Vector Graphic - Stroke","hd":false},{"ty":"tr","p":{"a":0,"k":[-25.863,-117.605],"ix":2},"a":{"a":0,"k":[0,0],"ix":1},"s":{"a":0,"k":[100,100],"ix":3},"r":{"a":0,"k":-45,"ix":6},"o":{"a":0,"k":100,"ix":7},"sk":{"a":0,"k":0,"ix":4},"sa":{"a":0,"k":0,"ix":5},"nm":"Transform"}],"nm":"Rectangle 1","np":2,"cix":2,"bm":0,"ix":2,"mn":"ADBE Vector Group","hd":false},{"ty":"tm","s":{"a":0,"k":0,"ix":1},"e":{"a":1,"k":[{"i":{"x":[0.378],"y":[1]},"o":{"x":[0.333],"y":[0]},"t":36,"s":[0]},{"t":49,"s":[100]}],"ix":2},"o":{"a":0,"k":0,"ix":3},"m":1,"ix":3,"nm":"Trim Paths 1","mn":"ADBE Vector Filter - Trim","hd":false}],"ip":36,"op":96,"st":36,"bm":0}],"markers":[]}